{
  "students": [
    {
      "id": "4c51",
      "rollno": "5647333838",
      "name": "Manoj Prajapati",
      "city": "bhopal",
      "fees": "500000"
    },
    {
      "id": "73c4",
      "rollno": "5647333838",
      "name": "Manoj Prajapati",
      "city": "bhopal",
      "fees": "500000"
    },
    {
      "id": "3cbc",
      "rollno": "56473",
      "name": "hemant",
      "city": "delhi",
      "fees": "50000"
    },
    {
      "id": "930d",
      "rollno": "7857558584",
      "name": "rambali singh tomar",
      "city": "morena",
      "fees": "5000000"
    },
    {
      "id": "03f4",
      "rollno": "56677",
      "name": "Ramroop Prajapati",
      "city": "bhopal",
      "fees": "45000"
    },
    {
      "id": "f5b6",
      "rollno": "56677",
      "name": "Ramroop Prajapati",
      "city": "bhopal",
      "fees": "45000"
    },
    {
      "id": "d901",
      "rollno": "56677",
      "name": "Ramroop Prajapati",
      "city": "bhopal",
      "fees": "45000"
    },
    {
      "id": "9a11",
      "rollno": "234567",
      "name": "rohit",
      "city": "morena",
      "fees": "450000"
    },
    {
      "id": "26b9",
      "rollno": "676866",
      "name": "ramroop prajapati",
      "city": "indore",
      "fees": "450000"
    }
  ]
}